Date,Development Activity,Dev. Activity Contributors Count,Dev. Activity (Cryptocurrency),Dev. Activity (Bitcoin)
2018-04-01T00:00:00.000Z,41.86,5,320.43,103.57
2018-04-02T00:00:00.000Z,42.14,17,329.86,102.71
2018-04-03T00:00:00.000Z,37.29,13,310.86,98.86
2018-04-04T00:00:00.000Z,36.71,19,296,89.43
2018-04-05T00:00:00.000Z,43.14,21,311.71,99.86
2018-04-06T00:00:00.000Z,42.86,13,303,105.71
2018-04-07T00:00:00.000Z,44.71,6,300.14,108
2018-04-08T00:00:00.000Z,48.14,11,301.57,112
2018-04-09T00:00:00.000Z,51,18,304.57,120
2018-04-10T00:00:00.000Z,59.14,14,320,126
2018-04-11T00:00:00.000Z,62.86,17,333.57,130.14
2018-04-12T00:00:00.000Z,59.71,19,313.57,119.29
2018-04-13T00:00:00.000Z,61.43,18,314.14,116.43
2018-04-14T00:00:00.000Z,59.57,9,308.57,111.29
2018-04-15T00:00:00.000Z,54.57,5,296.43,106.71
2018-04-16T00:00:00.000Z,53,15,292.29,104.14
2018-04-17T00:00:00.000Z,56.43,18,306.43,112.14
2018-04-18T00:00:00.000Z,56.71,19,310.71,122.43
2018-04-19T00:00:00.000Z,55.86,17,326.43,125.29
2018-04-20T00:00:00.000Z,57.57,21,336.71,129.43
2018-04-21T00:00:00.000Z,56.86,5,339.14,128.86
2018-04-22T00:00:00.000Z,57.14,5,344.43,128.71
2018-04-23T00:00:00.000Z,57.86,17,350.86,127
2018-04-24T00:00:00.000Z,54.86,13,349.86,117.71
2018-04-25T00:00:00.000Z,50.14,15,446.57,103
2018-04-26T00:00:00.000Z,51.43,20,472.29,98.86
2018-04-27T00:00:00.000Z,46.43,14,458.43,96.14
2018-04-28T00:00:00.000Z,48,7,470,96.43
2018-04-29T00:00:00.000Z,48.86,8,493,101.29
2018-04-30T00:00:00.000Z,47.14,18,481.43,94.57
2018-05-01T00:00:00.000Z,41.86,12,466.86,92.43
2018-05-02T00:00:00.000Z,44.86,14,371.43,101.71
2018-05-03T00:00:00.000Z,41.71,10,345.29,100.43
2018-05-04T00:00:00.000Z,40,8,354,98.43
2018-05-05T00:00:00.000Z,39.86,8,354.86,101
2018-05-06T00:00:00.000Z,39.86,5,330.71,99
2018-05-07T00:00:00.000Z,39.71,13,342,104
2018-05-08T00:00:00.000Z,36.43,11,345.57,103.86
2018-05-09T00:00:00.000Z,41.43,21,355.14,108.14
2018-05-10T00:00:00.000Z,40.86,12,361.57,102
2018-05-11T00:00:00.000Z,40.86,8,367.57,107.57
2018-05-12T00:00:00.000Z,42.14,10,377.86,106.86
2018-05-13T00:00:00.000Z,42.71,8,380.14,105
2018-05-14T00:00:00.000Z,42.86,13,391.29,103.86
2018-05-15T00:00:00.000Z,44.71,12,389.71,98.57
2018-05-16T00:00:00.000Z,38.57,19,372,84.43
2018-05-17T00:00:00.000Z,46.71,17,364.14,101.57
2018-05-18T00:00:00.000Z,49.71,12,361.57,94.71
2018-05-19T00:00:00.000Z,47.86,10,344.57,96.29
2018-05-20T00:00:00.000Z,46.57,5,338.86,95.14
2018-05-21T00:00:00.000Z,51,19,344.86,96.86
2018-05-22T00:00:00.000Z,52.86,14,351,100.86
2018-05-23T00:00:00.000Z,48.71,13,344.43,109.71
2018-05-24T00:00:00.000Z,38.57,9,336.29,96.86
2018-05-25T00:00:00.000Z,35.57,8,343.29,94.71
2018-05-26T00:00:00.000Z,35.29,5,355,92
2018-05-27T00:00:00.000Z,34.14,3,362.86,88.57
2018-05-28T00:00:00.000Z,26,10,334.86,83.43
2018-05-29T00:00:00.000Z,23.43,11,318.29,83.43
2018-05-30T00:00:00.000Z,34.57,19,359.71,86.43
2018-05-31T00:00:00.000Z,36.43,14,368.43,87.29
2018-06-01T00:00:00.000Z,39,13,373.57,90.57
2018-06-02T00:00:00.000Z,40.71,13,374.71,93.14
2018-06-03T00:00:00.000Z,45.14,10,392.86,98.29
2018-06-04T00:00:00.000Z,46.29,16,414,95.29
2018-06-05T00:00:00.000Z,48.57,13,440.57,100.71
2018-06-06T00:00:00.000Z,37.86,17,399.86,91.43
2018-06-07T00:00:00.000Z,38.57,16,403,88.43
2018-06-08T00:00:00.000Z,39.57,12,411.71,94.71
2018-06-09T00:00:00.000Z,40.29,2,423,93.14
2018-06-10T00:00:00.000Z,37.14,3,405.43,90
2018-06-11T00:00:00.000Z,40.14,11,402.57,95.71
2018-06-12T00:00:00.000Z,42.57,16,408.57,90.71
2018-06-13T00:00:00.000Z,42.43,13,415.57,92
2018-06-14T00:00:00.000Z,48.57,19,423.57,104.86
2018-06-15T00:00:00.000Z,48,13,418.57,94.71
2018-06-16T00:00:00.000Z,46.14,6,389.14,91.43
2018-06-17T00:00:00.000Z,45.86,6,389.71,90.43
2018-06-18T00:00:00.000Z,44.57,15,379,94.29
2018-06-19T00:00:00.000Z,37.86,11,372,85.57
2018-06-20T00:00:00.000Z,34.29,7,375.14,72.29
2018-06-21T00:00:00.000Z,24,6,352.71,55.14
2018-06-22T00:00:00.000Z,23.29,10,360,57
2018-06-23T00:00:00.000Z,22.29,4,365.43,57.14
2018-06-24T00:00:00.000Z,25.86,5,373.57,61.57
2018-06-25T00:00:00.000Z,22,9,372.43,56.14
2018-06-26T00:00:00.000Z,22.43,8,358.71,68
2018-06-27T00:00:00.000Z,27.43,16,348.71,89.86
2018-06-28T00:00:00.000Z,38.14,11,377.86,105
2018-06-29T00:00:00.000Z,39.86,12,358.14,108.71
2018-06-30T00:00:00.000Z,45.57,8,378.71,116.86
2018-07-01T00:00:00.000Z,43.29,8,363.43,116.43
2018-07-02T00:00:00.000Z,46.71,13,377,113.29
2018-07-03T00:00:00.000Z,45.14,5,378.29,102
2018-07-04T00:00:00.000Z,50.71,8,378.71,95.57
2018-07-05T00:00:00.000Z,44.14,10,349.43,82.43
2018-07-06T00:00:00.000Z,42.29,14,357.14,78.29
2018-07-07T00:00:00.000Z,38.29,12,337.43,79.14
2018-07-08T00:00:00.000Z,38.57,11,343.71,79.14
2018-07-09T00:00:00.000Z,44.86,18,338.86,84.57
2018-07-10T00:00:00.000Z,51,20,339.71,94.43
2018-07-11T00:00:00.000Z,48.43,18,359.71,96.57
2018-07-12T00:00:00.000Z,48.86,15,363.57,102.29
2018-07-13T00:00:00.000Z,53.86,17,373.43,111.14
2018-07-14T00:00:00.000Z,56.86,7,377,106.71
2018-07-15T00:00:00.000Z,57.57,13,367.71,105.71
2018-07-16T00:00:00.000Z,50.71,11,355.86,104.86
2018-07-17T00:00:00.000Z,51,12,341.86,102.57
2018-07-18T00:00:00.000Z,52.57,16,332.86,96
2018-07-19T00:00:00.000Z,56.43,22,342.29,93.71
2018-07-20T00:00:00.000Z,59.29,18,334.57,90
2018-07-21T00:00:00.000Z,57.71,13,342.86,88.43
2018-07-22T00:00:00.000Z,66.14,9,373.71,98.71
2018-07-23T00:00:00.000Z,64.86,12,373.86,94.43
2018-07-24T00:00:00.000Z,61.29,10,376.57,97
2018-07-25T00:00:00.000Z,56.29,11,367.14,96.29
2018-07-26T00:00:00.000Z,50.71,11,359.43,99
2018-07-27T00:00:00.000Z,43.43,14,349.29,97.71
2018-07-28T00:00:00.000Z,40.57,6,334.29,95.43
2018-07-29T00:00:00.000Z,33.57,7,314.86,89.86
2018-07-30T00:00:00.000Z,40.14,14,328.86,106.29
2018-07-31T00:00:00.000Z,40.43,12,324.43,107.71
2018-08-01T00:00:00.000Z,41.57,14,320.57,113.29
2018-08-02T00:00:00.000Z,51.43,16,328.57,116.14
2018-08-03T00:00:00.000Z,51.86,10,332.29,118.57
2018-08-04T00:00:00.000Z,52.86,10,336.71,119.43
2018-08-05T00:00:00.000Z,49,5,329,112.43
2018-08-06T00:00:00.000Z,42,9,332.43,93.71
2018-08-07T00:00:00.000Z,43,10,360.57,90.29
2018-08-08T00:00:00.000Z,42.86,14,370.43,84.57
2018-08-09T00:00:00.000Z,37.57,16,371.57,85.57
2018-08-10T00:00:00.000Z,37.71,16,373.29,86.29
2018-08-11T00:00:00.000Z,38.71,10,382.71,87.43
2018-08-12T00:00:00.000Z,41.57,9,394.29,92
2018-08-13T00:00:00.000Z,48.43,14,400.86,103
2018-08-14T00:00:00.000Z,49.43,14,385.71,105.29
2018-08-15T00:00:00.000Z,47.71,14,374.29,113.14
2018-08-16T00:00:00.000Z,40.57,7,366.14,109.43
2018-08-17T00:00:00.000Z,38.29,12,365.86,105.71
2018-08-18T00:00:00.000Z,35.29,4,350.57,102
2018-08-19T00:00:00.000Z,33.14,7,338,98.57
2018-08-20T00:00:00.000Z,25.71,14,317.43,90.57
2018-08-21T00:00:00.000Z,23.29,13,315.14,101.29
2018-08-22T00:00:00.000Z,22.43,10,328.14,96.57
2018-08-23T00:00:00.000Z,24.71,15,322,95.14
2018-08-24T00:00:00.000Z,27.57,18,315.14,91.86
2018-08-25T00:00:00.000Z,34.43,9,323.43,102.86
2018-08-26T00:00:00.000Z,37.57,13,330,106
2018-08-27T00:00:00.000Z,47.57,18,330.14,115.71
2018-08-28T00:00:00.000Z,54.71,16,345.57,103.43
2018-08-29T00:00:00.000Z,58.43,18,332.43,100.29
2018-08-30T00:00:00.000Z,61.57,16,341.43,101.14
2018-08-31T00:00:00.000Z,66,20,353.43,106.86
2018-09-01T00:00:00.000Z,63.14,10,348.57,102.43
2018-09-02T00:00:00.000Z,65,10,348.29,104
2018-09-03T00:00:00.000Z,53.86,8,338.43,90.86
2018-09-04T00:00:00.000Z,49.57,17,335.43,92.14
2018-09-05T00:00:00.000Z,52.43,18,343,99.57
2018-09-06T00:00:00.000Z,53.71,16,337.71,107.57
2018-09-07T00:00:00.000Z,52.29,11,331.29,109.43
2018-09-08T00:00:00.000Z,49.29,7,325.57,105.43
2018-09-09T00:00:00.000Z,48.57,11,324,106.57
2018-09-10T00:00:00.000Z,57.71,19,349.57,113.71
2018-09-11T00:00:00.000Z,63.29,18,349.14,115.57
2018-09-12T00:00:00.000Z,60,13,349.57,107.29
2018-09-13T00:00:00.000Z,60.71,16,349.57,100.71
2018-09-14T00:00:00.000Z,56.71,12,347.29,91.71
2018-09-15T00:00:00.000Z,59.71,9,348.86,92
2018-09-16T00:00:00.000Z,56.43,11,343.43,87.86
2018-09-17T00:00:00.000Z,53.43,16,326.29,85.86
2018-09-18T00:00:00.000Z,47.14,13,311.29,80.29
2018-09-19T00:00:00.000Z,44.57,13,307.14,79.14
2018-09-20T00:00:00.000Z,38.43,9,314.43,73.14
2018-09-21T00:00:00.000Z,43.86,7,329.43,81.57
2018-09-22T00:00:00.000Z,40.86,4,334.86,84.14
2018-09-23T00:00:00.000Z,47.71,9,349.29,90.29
2018-09-24T00:00:00.000Z,46.86,14,350,89.71
2018-09-25T00:00:00.000Z,53.57,16,374.57,101.14
2018-09-26T00:00:00.000Z,55.86,18,374.43,107.14
2018-09-27T00:00:00.000Z,58,16,368.29,109.86
2018-09-28T00:00:00.000Z,50.57,14,354.86,106.14
2018-09-29T00:00:00.000Z,51.14,5,351.14,103.71
2018-09-30T00:00:00.000Z,44.29,9,343.57,98.57
2018-10-01T00:00:00.000Z,41.29,11,347.71,95.14
2018-10-02T00:00:00.000Z,32.71,10,325.29,81.43
2018-10-03T00:00:00.000Z,29.14,17,313.57,72.71
2018-10-04T00:00:00.000Z,28.43,15,299.57,69.57
2018-10-05T00:00:00.000Z,30,13,309,71.29
2018-10-06T00:00:00.000Z,29.71,9,314.43,70.43
2018-10-07T00:00:00.000Z,28.57,11,302.43,69.14
2018-10-08T00:00:00.000Z,32.14,17,299.14,75.29
2018-10-09T00:00:00.000Z,34.14,19,310.43,75.86
2018-10-10T00:00:00.000Z,35.43,14,329.29,82.14
2018-10-11T00:00:00.000Z,33.71,7,342.86,78.57
2018-10-12T00:00:00.000Z,31.14,8,320.71,70
2018-10-13T00:00:00.000Z,33.14,12,313.43,70.29
2018-10-14T00:00:00.000Z,34,8,320.29,71.57
2018-10-15T00:00:00.000Z,31.14,14,322.14,67.86
2018-10-16T00:00:00.000Z,38.71,19,320.71,77.57
2018-10-17T00:00:00.000Z,41.57,17,319,78.71
2018-10-18T00:00:00.000Z,49.86,19,329.29,95.86
2018-10-19T00:00:00.000Z,52.71,10,344.29,102.14
2018-10-20T00:00:00.000Z,55.43,12,350.71,112.14
2018-10-21T00:00:00.000Z,56,8,357.86,111.14
2018-10-22T00:00:00.000Z,53.14,10,350.57,112.71
2018-10-23T00:00:00.000Z,45.14,19,341.29,111.29
2018-10-24T00:00:00.000Z,47.57,13,341,116.57
2018-10-25T00:00:00.000Z,40,18,315.57,114.57
2018-10-26T00:00:00.000Z,41.29,11,305.43,115.57
2018-10-27T00:00:00.000Z,36.14,6,295,111.86
2018-10-28T00:00:00.000Z,36,8,285,115.14
2018-10-29T00:00:00.000Z,38.86,16,291.57,118.71
2018-10-30T00:00:00.000Z,41.29,15,300.71,117.29
2018-10-31T00:00:00.000Z,35.14,12,284,119.86
2018-11-01T00:00:00.000Z,37.43,15,304,119.43
2018-11-02T00:00:00.000Z,38.29,10,318,124
2018-11-03T00:00:00.000Z,38.43,7,327.57,119.86
2018-11-04T00:00:00.000Z,38.14,6,329.71,116.14
2018-11-05T00:00:00.000Z,45.29,15,333.43,127.43
2018-11-06T00:00:00.000Z,42.57,14,326,125.86
2018-11-07T00:00:00.000Z,46.43,12,333.43,123
2018-11-08T00:00:00.000Z,43.57,14,334.14,111.14
2018-11-09T00:00:00.000Z,45.71,11,336.43,116.71
2018-11-10T00:00:00.000Z,49.71,11,333.57,119
2018-11-11T00:00:00.000Z,49.43,7,331.86,120.57
2018-11-12T00:00:00.000Z,45,13,335.86,107.43
2018-11-13T00:00:00.000Z,47,11,339.57,117.57
2018-11-14T00:00:00.000Z,42.29,10,341.43,108.57
2018-11-15T00:00:00.000Z,43.29,13,327.71,109.71
2018-11-16T00:00:00.000Z,37.86,10,308.29,98.43
2018-11-17T00:00:00.000Z,35.14,9,307.86,100.43
2018-11-18T00:00:00.000Z,33.86,5,304.14,96.86
2018-11-19T00:00:00.000Z,29.29,15,284.29,88.86
2018-11-20T00:00:00.000Z,28.57,16,270.71,77.14
2018-11-21T00:00:00.000Z,35.71,13,277.57,80.86
2018-11-22T00:00:00.000Z,37.29,13,272.43,81.29
2018-11-23T00:00:00.000Z,40.43,10,271,87.29
2018-11-24T00:00:00.000Z,38.57,5,260.43,80
2018-11-25T00:00:00.000Z,39,8,258.86,82.86
2018-11-26T00:00:00.000Z,41.43,10,262.14,95.14
2018-11-27T00:00:00.000Z,38.29,9,255.57,97.57
2018-11-28T00:00:00.000Z,33.57,16,232.29,100
2018-11-29T00:00:00.000Z,31,15,228.86,108.86
2018-11-30T00:00:00.000Z,30.71,16,234.43,114.14
2018-12-01T00:00:00.000Z,30.57,4,242.57,118.71
2018-12-02T00:00:00.000Z,29.71,6,241.57,124.57
2018-12-03T00:00:00.000Z,29.29,11,237.57,123.57
2018-12-04T00:00:00.000Z,32,16,237.71,131.29
2018-12-05T00:00:00.000Z,29.57,10,238,133.43
2018-12-06T00:00:00.000Z,36.14,18,253.57,143
2018-12-07T00:00:00.000Z,32.86,7,242,135.14
2018-12-08T00:00:00.000Z,33,4,245,131.43
2018-12-09T00:00:00.000Z,34,5,249.29,127.43
2018-12-10T00:00:00.000Z,34.14,15,257.29,131
2018-12-11T00:00:00.000Z,33.43,13,268.71,134.14
2018-12-12T00:00:00.000Z,37.57,13,295.71,142.43
2018-12-13T00:00:00.000Z,34.86,16,294.14,130.14
2018-12-14T00:00:00.000Z,39.14,15,297.71,135.71
2018-12-15T00:00:00.000Z,40.29,9,295.86,138.57
2018-12-16T00:00:00.000Z,40,8,298,137.14
2018-12-17T00:00:00.000Z,41.57,12,300,129.57
2018-12-18T00:00:00.000Z,45.71,14,324.86,125.43
2018-12-19T00:00:00.000Z,40.43,12,304.86,112.57
2018-12-20T00:00:00.000Z,36.43,12,308.86,114.57
2018-12-21T00:00:00.000Z,31.86,9,310.43,103.86
2018-12-22T00:00:00.000Z,31.86,5,316,99.86
2018-12-23T00:00:00.000Z,30,0,318,96.43
2018-12-24T00:00:00.000Z,24,4,284.14,89.14
2018-12-25T00:00:00.000Z,14.86,2,219.86,68.14
2018-12-26T00:00:00.000Z,13.71,7,202,55.29
2018-12-27T00:00:00.000Z,10.71,4,173.29,43.43
2018-12-28T00:00:00.000Z,11.29,8,169.43,41.43
2018-12-29T00:00:00.000Z,13.29,4,161.86,45.86
2018-12-30T00:00:00.000Z,14.71,7,157.86,48.71
2018-12-31T00:00:00.000Z,15.14,5,157.86,48.14
2019-01-01T00:00:00.000Z,16.14,9,172.57,47.86
2019-01-02T00:00:00.000Z,19.14,11,193.71,54.57
2019-01-03T00:00:00.000Z,26.57,19,210.71,67.14
2019-01-04T00:00:00.000Z,29.43,15,215.71,77.29
2019-01-05T00:00:00.000Z,29.57,10,217.86,78.86
2019-01-06T00:00:00.000Z,30.14,7,218.71,79.86
2019-01-07T00:00:00.000Z,38.86,12,262.43,106.29
2019-01-08T00:00:00.000Z,42.57,11,274.86,131.57
2019-01-09T00:00:00.000Z,48.29,16,283.29,144.57
2019-01-10T00:00:00.000Z,44.57,15,294.71,144.14
2019-01-11T00:00:00.000Z,40.57,9,299.14,142.43
2019-01-12T00:00:00.000Z,39.43,10,304.71,143.86
2019-01-13T00:00:00.000Z,39.14,8,308.86,140.14
2019-01-14T00:00:00.000Z,36.57,10,297.43,126.14
2019-01-15T00:00:00.000Z,39.86,18,316.43,119.57
2019-01-16T00:00:00.000Z,40.71,17,313.71,127.29
2019-01-17T00:00:00.000Z,40.86,12,302.86,123.14
2019-01-18T00:00:00.000Z,44,18,295.57,118.57
2019-01-19T00:00:00.000Z,42.86,6,284,116.29
2019-01-20T00:00:00.000Z,44.71,9,289.86,119.29
2019-01-21T00:00:00.000Z,41.29,9,290.57,113.86
2019-01-22T00:00:00.000Z,39.86,14,287.57,112.29
2019-01-23T00:00:00.000Z,34.43,17,285.29,108
2019-01-24T00:00:00.000Z,39.43,18,296.86,117.14
2019-01-25T00:00:00.000Z,40.43,16,299.71,124.29
2019-01-26T00:00:00.000Z,41.14,10,305.86,124.29
2019-01-27T00:00:00.000Z,40,10,301.86,125.57
2019-01-28T00:00:00.000Z,39.14,13,297.14,128.71
2019-01-29T00:00:00.000Z,41.71,13,302.57,133
2019-01-30T00:00:00.000Z,47.86,14,307.43,128.86
2019-01-31T00:00:00.000Z,48.57,14,303.29,121.86
2019-02-01T00:00:00.000Z,47,12,298.86,116.71
2019-02-02T00:00:00.000Z,47.57,12,299.86,122.29
2019-02-03T00:00:00.000Z,47.71,9,302,126.29
2019-02-04T00:00:00.000Z,54,17,306.71,130.86
2019-02-05T00:00:00.000Z,52.57,14,294.14,123.86
2019-02-06T00:00:00.000Z,46.71,16,277.29,119.29
2019-02-07T00:00:00.000Z,40.29,13,261.57,120.43
2019-02-08T00:00:00.000Z,42.43,12,273.57,118
2019-02-09T00:00:00.000Z,44,14,284.29,112.29
2019-02-10T00:00:00.000Z,46.29,12,288,106.71
2019-02-11T00:00:00.000Z,46.14,15,299.57,104.86
2019-02-12T00:00:00.000Z,50,15,322,110.43
2019-02-13T00:00:00.000Z,56.14,24,347.86,115.14
2019-02-14T00:00:00.000Z,63.57,22,382.57,124.86
2019-02-15T00:00:00.000Z,64,11,404.29,144.14
2019-02-16T00:00:00.000Z,63.86,11,394.57,150.86
2019-02-17T00:00:00.000Z,61.86,9,387.71,156
2019-02-18T00:00:00.000Z,59.86,14,381.57,160
2019-02-19T00:00:00.000Z,51.14,9,365.43,157.57
2019-02-20T00:00:00.000Z,42.29,9,340.86,151
2019-02-21T00:00:00.000Z,34.57,11,316.29,150.57
2019-02-22T00:00:00.000Z,32.57,16,302,137.29
2019-02-23T00:00:00.000Z,28.43,4,295.14,125.29
2019-02-24T00:00:00.000Z,28,3,303.57,122.71
2019-02-25T00:00:00.000Z,26.71,13,300.43,115
2019-02-26T00:00:00.000Z,27.57,12,304.57,107.57
2019-02-27T00:00:00.000Z,32,16,325.14,111.43
2019-02-28T00:00:00.000Z,33.57,15,334.14,98.14
2019-03-01T00:00:00.000Z,34.29,13,324.43,94.43
2019-03-02T00:00:00.000Z,40,12,337.14,104.57
2019-03-03T00:00:00.000Z,40.57,7,331.29,106.29
2019-03-04T00:00:00.000Z,40.14,12,323.14,114.43
2019-03-05T00:00:00.000Z,41.86,14,322,118
2019-03-06T00:00:00.000Z,38.43,13,310.57,126.29
2019-03-07T00:00:00.000Z,38.14,11,299.14,129.71
2019-03-08T00:00:00.000Z,33.71,8,292.57,127.29
2019-03-09T00:00:00.000Z,31.86,8,292.14,125.71
2019-03-10T00:00:00.000Z,30,4,284.57,122.57
2019-03-11T00:00:00.000Z,29,10,277.29,121.71
2019-03-12T00:00:00.000Z,28.29,13,264.14,116.14
2019-03-13T00:00:00.000Z,28.71,11,263,106.43
2019-03-14T00:00:00.000Z,26.43,10,260.57,105.43
2019-03-15T00:00:00.000Z,26.29,8,259.14,112.86
2019-03-16T00:00:00.000Z,23.14,5,247,108.86
2019-03-17T00:00:00.000Z,23.57,5,252,112.57
2019-03-18T00:00:00.000Z,21.86,7,263,110.86
2019-03-19T00:00:00.000Z,19.29,8,261.86,120.86
2019-03-20T00:00:00.000Z,20.43,10,264.86,119.29
2019-03-21T00:00:00.000Z,20,9,264.29,114.29
2019-03-22T00:00:00.000Z,22.86,12,272,111.86
2019-03-23T00:00:00.000Z,24.57,8,279.57,114.14
2019-03-24T00:00:00.000Z,25,8,277.14,110.57
2019-03-25T00:00:00.000Z,27.86,11,295.43,112.43
2019-03-26T00:00:00.000Z,30.57,13,305.43,110.57
2019-03-27T00:00:00.000Z,33.14,14,309.14,123.14
2019-03-28T00:00:00.000Z,40.86,19,325.57,133.14
2019-03-29T00:00:00.000Z,45.29,13,330.86,137.43
2019-03-30T00:00:00.000Z,43.57,6,325,135.57
2019-03-31T00:00:00.000Z,42.71,5,322.14,136.43
2019-04-01T00:00:00.000Z,39.57,13,308.71,126.71
2019-04-02T00:00:00.000Z,44.14,11,317.14,131.14
2019-04-03T00:00:00.000Z,42.71,17,308,128.14
2019-04-04T00:00:00.000Z,39.57,18,290.29,128.43
2019-04-05T00:00:00.000Z,37.71,17,270.57,131.86
2019-04-06T00:00:00.000Z,39.14,6,272.14,130.57
2019-04-07T00:00:00.000Z,38.71,5,271.43,130.71
2019-04-08T00:00:00.000Z,41.29,12,257.57,137.29
2019-04-09T00:00:00.000Z,35.86,11,236.29,127.14
2019-04-10T00:00:00.000Z,36.43,15,233,126.57
2019-04-11T00:00:00.000Z,40.43,23,248.57,147
2019-04-12T00:00:00.000Z,37.43,14,260.43,143.29
2019-04-13T00:00:00.000Z,36.29,5,256,140.71
2019-04-14T00:00:00.000Z,38.57,5,260,138.71
2019-04-15T00:00:00.000Z,41.29,14,265.14,139.57
2019-04-16T00:00:00.000Z,50.57,20,300.57,151.71
2019-04-17T00:00:00.000Z,52.86,15,321.57,144.86
2019-04-18T00:00:00.000Z,51.86,14,322.14,120
2019-04-19T00:00:00.000Z,53.14,8,313.14,110.86
2019-04-20T00:00:00.000Z,54.86,6,310.57,112.71
2019-04-21T00:00:00.000Z,54,5,305.29,112.14
2019-04-22T00:00:00.000Z,51.29,12,299.86,106
2019-04-23T00:00:00.000Z,41.14,15,264.57,93.57
2019-04-24T00:00:00.000Z,33.29,6,241.86,93.29
2019-04-25T00:00:00.000Z,26.43,11,237.29,89
2019-04-26T00:00:00.000Z,28.43,9,254.14,96.43
2019-04-27T00:00:00.000Z,28.86,9,259.71,98.86
2019-04-28T00:00:00.000Z,31.86,8,265.57,102.43
2019-04-29T00:00:00.000Z,33.71,12,269.29,104
2019-04-30T00:00:00.000Z,35.29,9,280.14,111.29
2019-05-01T00:00:00.000Z,39.29,10,277.43,106.29
2019-05-02T00:00:00.000Z,45,11,275,109.29
2019-05-03T00:00:00.000Z,41.57,11,267,104.29
2019-05-04T00:00:00.000Z,38.43,3,264.43,97.43
2019-05-05T00:00:00.000Z,34.86,6,268.43,91.57
2019-05-06T00:00:00.000Z,37,16,294,94.71
2019-05-07T00:00:00.000Z,39.86,16,298.86,95.71
2019-05-08T00:00:00.000Z,37.86,10,307.86,91.71
2019-05-09T00:00:00.000Z,36.57,18,310.29,99.43
2019-05-10T00:00:00.000Z,38,12,302.86,98.43
2019-05-11T00:00:00.000Z,37.86,2,296.43,102.29
2019-05-12T00:00:00.000Z,37.43,7,280.43,106
2019-05-13T00:00:00.000Z,34.14,11,250,106
2019-05-14T00:00:00.000Z,29.86,7,244.57,107.71
2019-05-15T00:00:00.000Z,33.71,10,257.86,120.14
2019-05-16T00:00:00.000Z,34.43,12,263.71,122.29
2019-05-17T00:00:00.000Z,32.14,7,269.57,118.57
2019-05-18T00:00:00.000Z,34.14,6,277.57,119.86
2019-05-19T00:00:00.000Z,35.14,11,287.71,118
2019-05-20T00:00:00.000Z,39.86,16,321.43,123.43
2019-05-21T00:00:00.000Z,39,10,328.29,122.71
2019-05-22T00:00:00.000Z,38.57,12,334.29,127.86
2019-05-23T00:00:00.000Z,34.86,13,328.57,118
2019-05-24T00:00:00.000Z,36.14,9,327.29,138.57
2019-05-25T00:00:00.000Z,35.29,6,328.43,138.14
2019-05-26T00:00:00.000Z,34.14,6,328.14,141.29
2019-05-27T00:00:00.000Z,26.29,6,288.86,137.43
2019-05-28T00:00:00.000Z,29.86,14,288.71,138.86
2019-05-29T00:00:00.000Z,28.86,12,274.43,135.86
2019-05-30T00:00:00.000Z,28.57,11,268.57,139.43
2019-05-31T00:00:00.000Z,24.71,6,261.71,119.71
2019-06-01T00:00:00.000Z,23.43,2,258.43,115.86
2019-06-02T00:00:00.000Z,23.29,4,258.14,112.14
2019-06-03T00:00:00.000Z,23.57,10,258.14,109.71
2019-06-04T00:00:00.000Z,17.86,4,232.29,101.86
2019-06-05T00:00:00.000Z,19.57,19,234.29,94.86
2019-06-06T00:00:00.000Z,23,20,231.71,92.29
2019-06-07T00:00:00.000Z,26,11,233.86,92.43
2019-06-08T00:00:00.000Z,27.14,7,235.86,94.86
2019-06-09T00:00:00.000Z,29.29,9,232.57,97
2019-06-10T00:00:00.000Z,28.86,8,233.14,90.14
2019-06-11T00:00:00.000Z,34.29,14,258.57,96.71
2019-06-12T00:00:00.000Z,32,14,248.86,104.57
2019-06-13T00:00:00.000Z,33.29,19,270.14,104.86
2019-06-14T00:00:00.000Z,33,12,282.29,104.14
2019-06-15T00:00:00.000Z,32.86,5,285.71,100.43
2019-06-16T00:00:00.000Z,32.57,7,290.86,97
2019-06-17T00:00:00.000Z,37.43,12,316,100.29
2019-06-18T00:00:00.000Z,37.71,14,315.14,100
2019-06-19T00:00:00.000Z,43,12,326.29,96
2019-06-20T00:00:00.000Z,42,15,310,96.14
2019-06-21T00:00:00.000Z,43.29,17,316.29,95
2019-06-22T00:00:00.000Z,43.71,7,315,96.29
2019-06-23T00:00:00.000Z,42.29,5,318.29,96.14
2019-06-24T00:00:00.000Z,38.71,12,304.57,93
2019-06-25T00:00:00.000Z,43,17,329.57,88.14
2019-06-26T00:00:00.000Z,35.86,10,327.14,72.43
2019-06-27T00:00:00.000Z,31.71,11,324.86,65.71
2019-06-28T00:00:00.000Z,29,7,315.86,64.43
2019-06-29T00:00:00.000Z,31,11,316,70.14
2019-06-30T00:00:00.000Z,33,9,314.57,72.86
2019-07-01T00:00:00.000Z,32,13,316.71,82.71
2019-07-02T00:00:00.000Z,32.14,14,285,96.71
2019-07-03T00:00:00.000Z,39,14,284.71,121.71
2019-07-04T00:00:00.000Z,40.14,11,281.71,127.57
2019-07-05T00:00:00.000Z,47.14,16,278.57,138
2019-07-06T00:00:00.000Z,50,9,282.43,138.29
2019-07-07T00:00:00.000Z,49.29,5,278.57,137.43
2019-07-08T00:00:00.000Z,54.29,14,289.86,138.57
2019-07-09T00:00:00.000Z,54.57,18,303.14,135.57
2019-07-10T00:00:00.000Z,53.29,17,306.57,132.43
2019-07-11T00:00:00.000Z,54.14,14,307.14,142.14
2019-07-12T00:00:00.000Z,50.86,11,301,144.29
2019-07-13T00:00:00.000Z,47.71,7,301.57,146.43
2019-07-14T00:00:00.000Z,48.71,6,308.71,148.71
2019-07-15T00:00:00.000Z,43.57,10,288.57,136.86
2019-07-16T00:00:00.000Z,41,13,279,124
2019-07-17T00:00:00.000Z,35.29,9,259.57,124.43
2019-07-18T00:00:00.000Z,39.86,19,270.57,121.71
2019-07-19T00:00:00.000Z,40.71,15,282.57,115.57
2019-07-20T00:00:00.000Z,37.86,4,273,109.71
2019-07-21T00:00:00.000Z,35.29,6,261.71,105.14
2019-07-22T00:00:00.000Z,37.14,16,269,117.14
2019-07-23T00:00:00.000Z,39.29,17,273.86,123.71
2019-07-24T00:00:00.000Z,51.14,19,290.57,126.43
2019-07-25T00:00:00.000Z,52.14,17,286,129.43
2019-07-26T00:00:00.000Z,52.14,14,275.86,127.14
2019-07-27T00:00:00.000Z,54,5,278.43,126.71
2019-07-28T00:00:00.000Z,55,5,283.29,129.14
2019-07-29T00:00:00.000Z,59.29,20,287.86,128.43
2019-07-30T00:00:00.000Z,60,23,297.71,133.71
2019-07-31T00:00:00.000Z,55.86,19,297.57,124
2019-08-01T00:00:00.000Z,52.43,21,293.57,112.57
2019-08-02T00:00:00.000Z,59.29,20,312,126.57
2019-08-03T00:00:00.000Z,57.43,4,303.57,125
2019-08-04T00:00:00.000Z,61.14,8,306.14,129
2019-08-05T00:00:00.000Z,62.14,20,308.57,128.57
2019-08-06T00:00:00.000Z,57.57,15,286.57,119.29
2019-08-07T00:00:00.000Z,51.29,17,282.29,127.86
2019-08-08T00:00:00.000Z,51.29,18,283.14,137.86
2019-08-09T00:00:00.000Z,43.57,13,266.71,126.14
2019-08-10T00:00:00.000Z,48.43,14,276.86,135.71
2019-08-11T00:00:00.000Z,44.14,7,268.71,130.57
2019-08-12T00:00:00.000Z,37.29,9,266.43,118.71
2019-08-13T00:00:00.000Z,34.14,13,270.43,114.86
2019-08-14T00:00:00.000Z,46.14,20,283.57,118.86
2019-08-15T00:00:00.000Z,52.43,22,310.71,115.14
2019-08-16T00:00:00.000Z,63.43,20,330.71,127.14
2019-08-17T00:00:00.000Z,60,7,327.86,122.71
2019-08-18T00:00:00.000Z,61,9,333.43,123.29
2019-08-19T00:00:00.000Z,75.86,24,362.29,144.71
2019-08-20T00:00:00.000Z,77.86,14,394.57,152.71
2019-08-21T00:00:00.000Z,68,15,381.86,145.71
2019-08-22T00:00:00.000Z,57.71,12,350.43,139.57
2019-08-23T00:00:00.000Z,50.71,18,338.43,133.57
2019-08-24T00:00:00.000Z,52.57,14,339,135.86
2019-08-25T00:00:00.000Z,55,11,337.71,139.57
2019-08-26T00:00:00.000Z,39.71,13,286.86,118.43
2019-08-27T00:00:00.000Z,37.86,7,236.43,107
2019-08-28T00:00:00.000Z,36.71,11,227.29,98.57
2019-08-29T00:00:00.000Z,40.57,19,232.29,101.71
2019-08-30T00:00:00.000Z,36.57,14,222,105.57
2019-08-31T00:00:00.000Z,35.29,10,219.71,101.57
2019-09-01T00:00:00.000Z,32,4,215.57,96.86
2019-09-02T00:00:00.000Z,31.57,12,223.86,107.86
2019-09-03T00:00:00.000Z,35,17,260.14,125.43
2019-09-04T00:00:00.000Z,33,13,269,134
2019-09-05T00:00:00.000Z,32.43,15,274.57,143
2019-09-06T00:00:00.000Z,31.71,14,287.43,145.71
2019-09-07T00:00:00.000Z,34.43,10,298.14,148.43
2019-09-08T00:00:00.000Z,37.86,19,309.14,152.43
2019-09-09T00:00:00.000Z,45.71,15,331.57,157.29
2019-09-10T00:00:00.000Z,45.14,18,305.57,152.43
2019-09-11T00:00:00.000Z,43.86,13,290.29,142.71
2019-09-12T00:00:00.000Z,36.71,2,239.43,115.57
2019-09-13T00:00:00.000Z,34.86,13,226.14,99.86
2019-09-14T00:00:00.000Z,32.14,8,216.43,99
2019-09-15T00:00:00.000Z,29.43,6,208.29,95.86
2019-09-16T00:00:00.000Z,27.71,17,201.14,90.29
2019-09-17T00:00:00.000Z,28.71,14,209.43,94.86
2019-09-18T00:00:00.000Z,37.57,19,234.86,106
2019-09-19T00:00:00.000Z,45.14,17,276.86,132
2019-09-20T00:00:00.000Z,46.86,10,282.14,143.86
2019-09-21T00:00:00.000Z,46.86,11,281.86,141.43
2019-09-22T00:00:00.000Z,47,9,275.57,142.14
2019-09-23T00:00:00.000Z,41.57,11,264,135.57
2019-09-24T00:00:00.000Z,41.29,17,280.29,132.29
2019-09-25T00:00:00.000Z,36.57,14,287,126.14
2019-09-26T00:00:00.000Z,35.86,15,293.14,115.57
2019-09-27T00:00:00.000Z,36.14,13,310.71,111.14
2019-09-28T00:00:00.000Z,35,6,313.86,111.29
2019-09-29T00:00:00.000Z,35.57,4,327,116.57
2019-09-30T00:00:00.000Z,44.43,17,335.29,132.57
2019-10-01T00:00:00.000Z,45.14,14,311.14,132.86
2019-10-02T00:00:00.000Z,50.71,20,303.29,135
2019-10-03T00:00:00.000Z,51.43,20,300.43,143.86
2019-10-04T00:00:00.000Z,53.14,14,282.14,145.57
2019-10-05T00:00:00.000Z,54.86,11,281,145.43
2019-10-06T00:00:00.000Z,55.71,11,283.43,144.57
2019-10-07T00:00:00.000Z,51.43,13,289,132.57
2019-10-08T00:00:00.000Z,54,20,309.57,135.71
2019-10-09T00:00:00.000Z,53.86,21,338,146.29
2019-10-10T00:00:00.000Z,59,23,351.43,154
2019-10-11T00:00:00.000Z,62.57,20,367.86,165.14
2019-10-12T00:00:00.000Z,63.43,13,378.29,167.86
2019-10-13T00:00:00.000Z,65.71,18,382.57,166
2019-10-14T00:00:00.000Z,67.14,20,397.86,179.57
2019-10-15T00:00:00.000Z,68.86,20,414.14,178.14
2019-10-16T00:00:00.000Z,63.86,18,379.86,160.57
2019-10-17T00:00:00.000Z,69.29,20,397.71,152.29
2019-10-18T00:00:00.000Z,69.57,21,399.86,139.71
2019-10-19T00:00:00.000Z,67.43,8,394.57,135.71
2019-10-20T00:00:00.000Z,65.57,11,379.43,135.57
2019-10-21T00:00:00.000Z,68.57,20,377.71,125.43
2019-10-22T00:00:00.000Z,64,16,367,116
2019-10-23T00:00:00.000Z,69.86,25,388.14,130
2019-10-24T00:00:00.000Z,63.86,21,366,129.14
2019-10-25T00:00:00.000Z,62.29,20,358.29,128.71
2019-10-26T00:00:00.000Z,66.86,14,368.71,136.86
2019-10-27T00:00:00.000Z,65.57,9,374.14,141
2019-10-28T00:00:00.000Z,61.86,20,370.57,146.57
2019-10-29T00:00:00.000Z,66.71,24,373.86,159.71
2019-10-30T00:00:00.000Z,64.86,22,360,155.29
2019-10-31T00:00:00.000Z,64.71,22,361.86,166
2019-11-01T00:00:00.000Z,69.43,19,376.71,179.57
2019-11-02T00:00:00.000Z,69.57,16,374.86,178.14
2019-11-03T00:00:00.000Z,69.29,12,379,173.86
2019-11-04T00:00:00.000Z,88.14,25,397.86,191.86
2019-11-05T00:00:00.000Z,91.43,27,402.29,197.14
2019-11-06T00:00:00.000Z,98,24,401.14,221.86
2019-11-07T00:00:00.000Z,95,13,390.86,221.43
2019-11-08T00:00:00.000Z,91.57,18,382.29,217.43
2019-11-09T00:00:00.000Z,87,4,375.14,217.86
2019-11-10T00:00:00.000Z,87.29,9,370.14,221.43
2019-11-11T00:00:00.000Z,67.14,17,335.71,209.14
2019-11-12T00:00:00.000Z,58.29,12,320.43,206.43
2019-11-13T00:00:00.000Z,48.14,14,325.43,186.29
2019-11-14T00:00:00.000Z,49.57,20,336.57,187.71
2019-11-15T00:00:00.000Z,47.86,14,343,189.29
2019-11-16T00:00:00.000Z,46.86,5,342.57,188
2019-11-17T00:00:00.000Z,46.86,7,344.57,183.86
2019-11-18T00:00:00.000Z,50.43,20,362,179.43
2019-11-19T00:00:00.000Z,52.14,17,377.86,179.86
2019-11-20T00:00:00.000Z,59.29,23,400.71,185.57
2019-11-21T00:00:00.000Z,56.43,17,396.14,183.43
2019-11-22T00:00:00.000Z,58,20,393.14,198.43
2019-11-23T00:00:00.000Z,63,13,398.29,197.71
2019-11-24T00:00:00.000Z,62.86,9,395.29,199.43
2019-11-25T00:00:00.000Z,59.86,15,383.71,193.14
2019-11-26T00:00:00.000Z,59.86,22,363,189.57
2019-11-27T00:00:00.000Z,49,12,310.57,169.29
2019-11-28T00:00:00.000Z,44,8,274.86,156.57
2019-11-29T00:00:00.000Z,35.86,9,232.71,115.14
2019-11-30T00:00:00.000Z,33.57,7,224.29,113.29
2019-12-01T00:00:00.000Z,33.14,9,227.86,109
2019-12-02T00:00:00.000Z,33.57,19,223.86,108.86
2019-12-03T00:00:00.000Z,32.43,13,217.71,108.71
2019-12-04T00:00:00.000Z,33.86,12,240,119.71
2019-12-05T00:00:00.000Z,39.86,15,268.43,141.71
2019-12-06T00:00:00.000Z,45.29,11,297.14,158.86
2019-12-07T00:00:00.000Z,44.43,9,295.86,158.29
2019-12-08T00:00:00.000Z,45.86,8,296,158.86
2019-12-09T00:00:00.000Z,51.71,19,308.57,166.14
2019-12-10T00:00:00.000Z,49.86,11,296.86,166.29
2019-12-11T00:00:00.000Z,55.14,17,290.14,173.57
2019-12-12T00:00:00.000Z,57.71,11,301,157.57
2019-12-13T00:00:00.000Z,55.86,13,294.14,164.71
2019-12-14T00:00:00.000Z,54.29,5,297.71,166.43
2019-12-15T00:00:00.000Z,52.71,9,290.57,170
2019-12-16T00:00:00.000Z,43.71,10,280.86,161.57
2019-12-17T00:00:00.000Z,46.14,19,308.14,162.57
2019-12-18T00:00:00.000Z,40.29,14,309.71,151.29
2019-12-19T00:00:00.000Z,32.43,8,300.71,147.29
2019-12-20T00:00:00.000Z,29.14,7,287.43,133.86
2019-12-21T00:00:00.000Z,29,6,282,128.29
2019-12-22T00:00:00.000Z,28.71,5,288.71,122.57
2019-12-23T00:00:00.000Z,24.43,6,267.29,110.14
2019-12-24T00:00:00.000Z,18.86,9,234,84.14
2019-12-25T00:00:00.000Z,15.14,6,197,63.14
2019-12-26T00:00:00.000Z,12.29,3,163.29,46
2019-12-27T00:00:00.000Z,12.71,8,164.43,42.29
2019-12-28T00:00:00.000Z,17.14,9,171.14,45
2019-12-29T00:00:00.000Z,20.57,9,173.43,48.86
2019-12-30T00:00:00.000Z,22.57,8,176.86,47
2019-12-31T00:00:00.000Z,22.71,7,177.71,47.86
2020-01-01T00:00:00.000Z,21.86,2,174.14,46
2020-01-02T00:00:00.000Z,27.71,15,199.14,55.57
2020-01-03T00:00:00.000Z,37.14,17,217.86,68.43
2020-01-04T00:00:00.000Z,37.86,15,225.71,69.86
2020-01-05T00:00:00.000Z,37.14,7,218.43,76.43
2020-01-06T00:00:00.000Z,40.57,14,238.86,85.29
2020-01-07T00:00:00.000Z,45.86,20,256.71,98.71
2020-01-08T00:00:00.000Z,52.43,16,295.43,118.86
2020-01-09T00:00:00.000Z,51.14,14,303.43,117.71
2020-01-10T00:00:00.000Z,42.14,13,299,106.14
2020-01-11T00:00:00.000Z,37.71,7,287.57,103.71
2020-01-12T00:00:00.000Z,34.71,5,284.86,98.14
2020-01-13T00:00:00.000Z,34.57,17,275.86,101.57
2020-01-14T00:00:00.000Z,32.71,13,284.71,107
2020-01-15T00:00:00.000Z,32.43,20,298.57,106.71
2020-01-16T00:00:00.000Z,33.43,18,294.14,105.71
2020-01-17T00:00:00.000Z,36.43,14,291.86,110.43
2020-01-18T00:00:00.000Z,41.14,12,299.86,115.14
2020-01-19T00:00:00.000Z,43.43,11,305.57,114.29
2020-01-20T00:00:00.000Z,42,13,301.14,112
2020-01-21T00:00:00.000Z,40.57,15,293.43,115
2020-01-22T00:00:00.000Z,49,25,306.29,122.14
2020-01-23T00:00:00.000Z,54.86,26,326,134.14
2020-01-24T00:00:00.000Z,56.43,19,334,135.43
2020-01-25T00:00:00.000Z,57.86,11,334.71,135.14
2020-01-26T00:00:00.000Z,60.43,17,339,136.57
2020-01-27T00:00:00.000Z,61.57,19,337.57,141.86
2020-01-28T00:00:00.000Z,68.14,16,347.71,138.29
2020-01-29T00:00:00.000Z,63.71,20,329.57,133.57
2020-01-30T00:00:00.000Z,61.43,21,320,125.14
2020-01-31T00:00:00.000Z,58.71,14,322.86,116.86
2020-02-01T00:00:00.000Z,53.86,13,314.71,111.71
2020-02-02T00:00:00.000Z,50.71,10,307.14,108.29
2020-02-03T00:00:00.000Z,49.71,10,309.71,106.86
2020-02-04T00:00:00.000Z,41.57,13,287.29,102.71
2020-02-05T00:00:00.000Z,37.86,18,291.29,95.43
2020-02-06T00:00:00.000Z,34.57,14,285.86,92.29
2020-02-07T00:00:00.000Z,36.57,16,273.43,102.29
2020-02-08T00:00:00.000Z,34.14,3,276,103.86
2020-02-09T00:00:00.000Z,33.71,4,286.86,104.71
2020-02-10T00:00:00.000Z,41.14,17,300.71,105
2020-02-11T00:00:00.000Z,46.57,17,318.14,111
2020-02-12T00:00:00.000Z,49.29,20,319.14,118.43
2020-02-13T00:00:00.000Z,50,18,323.86,124
2020-02-14T00:00:00.000Z,45.43,10,323.29,118.43
2020-02-15T00:00:00.000Z,48,8,327.29,119.71
2020-02-16T00:00:00.000Z,48.14,13,319.29,120.71
2020-02-17T00:00:00.000Z,38.86,8,304.57,121
2020-02-18T00:00:00.000Z,35.29,16,302.43,111.71
2020-02-19T00:00:00.000Z,31.57,16,293.71,109.71
2020-02-20T00:00:00.000Z,29.43,14,288.43,104.57
2020-02-21T00:00:00.000Z,32,13,301.43,105.43
2020-02-22T00:00:00.000Z,31.14,9,290.86,103.14
2020-02-23T00:00:00.000Z,29,5,284.29,98.14
2020-02-24T00:00:00.000Z,31.14,13,286.86,93.29
2020-02-25T00:00:00.000Z,33.71,14,287.43,98.86
2020-02-26T00:00:00.000Z,37,18,286.71,101.57
2020-02-27T00:00:00.000Z,38.57,15,283.14,104.14
2020-02-28T00:00:00.000Z,45.71,21,288.29,108.14
2020-02-29T00:00:00.000Z,47.43,10,297.71,110.86
2020-03-01T00:00:00.000Z,49.57,10,306.14,115.43
2020-03-02T00:00:00.000Z,52.43,21,309.86,118.71
2020-03-03T00:00:00.000Z,48.29,14,297.71,112.29
2020-03-04T00:00:00.000Z,49.14,21,299.43,111.71
2020-03-05T00:00:00.000Z,59,25,329.57,120
2020-03-06T00:00:00.000Z,57.14,19,399.14,123.43
2020-03-07T00:00:00.000Z,60.57,14,402.29,125.86
2020-03-08T00:00:00.000Z,60.29,11,430.57,123.86
2020-03-09T00:00:00.000Z,66,17,440.29,131.86
2020-03-10T00:00:00.000Z,76.43,19,455.57,150.43
2020-03-11T00:00:00.000Z,77.57,17,485.43,158.14
2020-03-12T00:00:00.000Z,67.86,14,496,149
2020-03-13T00:00:00.000Z,66.71,18,417,150.43
2020-03-14T00:00:00.000Z,61.29,11,410.43,146
2020-03-15T00:00:00.000Z,60.57,5,381.71,145.71
2020-03-16T00:00:00.000Z,56.14,13,381.43,141.57
2020-03-17T00:00:00.000Z,52,16,381.57,130.57
2020-03-18T00:00:00.000Z,50,16,347.57,125.86
2020-03-19T00:00:00.000Z,49.57,17,309.71,131.43
2020-03-20T00:00:00.000Z,46.29,13,305.57,122.71
2020-03-21T00:00:00.000Z,48.14,10,305,123.43
2020-03-22T00:00:00.000Z,49.29,14,309.29,125
2020-03-23T00:00:00.000Z,46.86,18,311.14,115.71
2020-03-24T00:00:00.000Z,45.71,16,319.57,130.71
2020-03-25T00:00:00.000Z,52.14,23,331.71,144.86
2020-03-26T00:00:00.000Z,59.86,20,342.14,148.14
2020-03-27T00:00:00.000Z,73.71,18,357.43,171.57
2020-03-28T00:00:00.000Z,77.86,11,365,176
2020-03-29T00:00:00.000Z,78.86,8,362.86,178.14
2020-03-30T00:00:00.000Z,81.14,17,358.86,204
2020-03-31T00:00:00.000Z,80.86,18,360.29,199.43
2020-04-01T00:00:00.000Z,75.57,24,346.71,183
2020-04-02T00:00:00.000Z,71,21,339.86,183.14
2020-04-03T00:00:00.000Z,56.57,13,335.43,163.43
2020-04-04T00:00:00.000Z,54.71,13,339.57,167.29
2020-04-05T00:00:00.000Z,56.43,10,352,168.29
2020-04-06T00:00:00.000Z,59.43,17,356.29,154.86
2020-04-07T00:00:00.000Z,55.43,12,326.71,149.43
2020-04-08T00:00:00.000Z,54.29,16,324.57,155.57
2020-04-09T00:00:00.000Z,55.14,12,324.57,152.71
2020-04-10T00:00:00.000Z,60.71,12,313.57,157.57
2020-04-11T00:00:00.000Z,62.57,14,308.86,159
2020-04-12T00:00:00.000Z,64.43,15,306.29,166.43
2020-04-13T00:00:00.000Z,63.71,15,315,164.14
2020-04-14T00:00:00.000Z,66.43,14,331.57,153.86
2020-04-15T00:00:00.000Z,74.71,19,350.29,152.71
2020-04-16T00:00:00.000Z,74.29,15,349.43,157.86
2020-04-17T00:00:00.000Z,73.14,16,360.43,151.29
2020-04-18T00:00:00.000Z,70.86,8,353.71,148.14
2020-04-19T00:00:00.000Z,66,5,343.71,144.71
2020-04-20T00:00:00.000Z,61,11,316.14,140.71
2020-04-21T00:00:00.000Z,63.14,19,316.29,143.57
2020-04-22T00:00:00.000Z,56.29,21,308,138
2020-04-23T00:00:00.000Z,63.57,18,327.43,133.71
2020-04-24T00:00:00.000Z,66.86,18,333.43,136.14
2020-04-25T00:00:00.000Z,66,14,335.71,133.71
2020-04-26T00:00:00.000Z,67.43,10,340.86,135.71
2020-04-27T00:00:00.000Z,75.14,18,389.71,153.14
2020-04-28T00:00:00.000Z,79,17,398.43,165.57
2020-04-29T00:00:00.000Z,86.57,25,418.43,172.71
2020-04-30T00:00:00.000Z,87,19,415.71,178.29
2020-05-01T00:00:00.000Z,80.29,16,412,180.14
2020-05-02T00:00:00.000Z,81.86,14,423.43,186
2020-05-03T00:00:00.000Z,80.86,9,415.71,179.14
2020-05-04T00:00:00.000Z,78.71,20,411.43,163
2020-05-05T00:00:00.000Z,79.29,17,421.29,158.71
2020-05-06T00:00:00.000Z,74.29,18,411.86,156.57
2020-05-07T00:00:00.000Z,67.57,17,394.86,151.14
2020-05-08T00:00:00.000Z,70.86,15,388.71,145.71
2020-05-09T00:00:00.000Z,71.14,15,382.86,140
2020-05-10T00:00:00.000Z,75.29,11,386.14,141.86
2020-05-11T00:00:00.000Z,69.14,15,347,139
2020-05-12T00:00:00.000Z,66.86,20,331.14,130.14
2020-05-13T00:00:00.000Z,64.14,18,325.43,121.43
2020-05-14T00:00:00.000Z,59.71,12,334.29,114.29
2020-05-15T00:00:00.000Z,63.71,23,344.57,119
2020-05-16T00:00:00.000Z,63.43,13,335.29,120.57
2020-05-17T00:00:00.000Z,61,11,332.71,117.57
2020-05-18T00:00:00.000Z,67.57,25,344.14,131.29
2020-05-19T00:00:00.000Z,71.86,22,349.86,140.86
2020-05-20T00:00:00.000Z,70.86,24,335.29,142.29
2020-05-21T00:00:00.000Z,73.29,20,320.29,139.86
2020-05-22T00:00:00.000Z,70.43,19,305.14,139.14
2020-05-23T00:00:00.000Z,70.14,12,306.86,134.86
2020-05-24T00:00:00.000Z,72.86,8,312.57,139.57
2020-05-25T00:00:00.000Z,66.29,13,288.14,124.43
2020-05-26T00:00:00.000Z,63.43,21,284.71,120.86
2020-05-27T00:00:00.000Z,59.43,16,284.14,120.14
2020-05-28T00:00:00.000Z,64,20,288.29,132.71
2020-05-29T00:00:00.000Z,67.71,17,291.14,131.86
2020-05-30T00:00:00.000Z,66.86,8,290.57,132.14
2020-05-31T00:00:00.000Z,66.86,15,297.71,133.43
2020-06-01T00:00:00.000Z,77.57,24,335.71,138.43
2020-06-02T00:00:00.000Z,79.43,26,335.57,138.14
2020-06-03T00:00:00.000Z,83.29,20,373.14,138
2020-06-04T00:00:00.000Z,76.71,20,371.71,131.71
2020-06-05T00:00:00.000Z,74.57,24,375.43,128.86
2020-06-06T00:00:00.000Z,75.86,11,387.86,130.29
2020-06-07T00:00:00.000Z,74.43,15,379.57,128.14
2020-06-08T00:00:00.000Z,69.14,17,376.14,125.29
2020-06-09T00:00:00.000Z,68.43,23,438.29,131
2020-06-10T00:00:00.000Z,63,10,378.57,119.71
2020-06-11T00:00:00.000Z,70.43,23,412,126.71
2020-06-12T00:00:00.000Z,67.43,17,410,131.71
2020-06-13T00:00:00.000Z,65.71,10,399.43,132.14
2020-06-14T00:00:00.000Z,65,15,396.43,139
2020-06-15T00:00:00.000Z,65.29,24,405.43,146.71
2020-06-16T00:00:00.000Z,64.43,26,359.71,141.14
2020-06-17T00:00:00.000Z,78.29,22,410.57,163.86
2020-06-18T00:00:00.000Z,87.71,21,410,175.43
2020-06-19T00:00:00.000Z,96.14,19,422.43,176.43
2020-06-20T00:00:00.000Z,95.57,12,418.71,172.14
2020-06-21T00:00:00.000Z,96.57,14,418.57,167
2020-06-22T00:00:00.000Z,97.43,23,395.29,160.71
2020-06-23T00:00:00.000Z,90.29,17,361.86,153.71
2020-06-24T00:00:00.000Z,83.71,20,343.14,141.86
2020-06-25T00:00:00.000Z,70,16,307,130.29
2020-06-26T00:00:00.000Z,58.29,11,271.57,127.29
2020-06-27T00:00:00.000Z,57.29,8,271.86,135.71
2020-06-28T00:00:00.000Z,54.86,7,268,132.86
2020-06-29T00:00:00.000Z,55.43,18,280.43,131.86
2020-06-30T00:00:00.000Z,56,18,279.43,131.57
2020-07-01T00:00:00.000Z,61,19,298.43,141.29
2020-07-02T00:00:00.000Z,59.29,14,302.29,135.57
2020-07-03T00:00:00.000Z,63.43,18,305.43,131.43
2020-07-04T00:00:00.000Z,63.86,11,302.14,123.57
2020-07-05T00:00:00.000Z,62.14,9,301.14,117.57
2020-07-06T00:00:00.000Z,52.57,12,276.29,112
2020-07-07T00:00:00.000Z,51.14,12,283.29,108.29
2020-07-08T00:00:00.000Z,42.71,17,255.71,96
2020-07-09T00:00:00.000Z,49.86,23,279.43,96.57
2020-07-10T00:00:00.000Z,48,15,290.14,96.14
2020-07-11T00:00:00.000Z,53.14,14,299.14,101.29
2020-07-12T00:00:00.000Z,55.86,12,300.14,107
2020-07-13T00:00:00.000Z,61.57,17,321.29,117.29
2020-07-14T00:00:00.000Z,66.14,21,333,123.14
2020-07-15T00:00:00.000Z,68,17,325.29,121.71
2020-07-16T00:00:00.000Z,63.57,23,322.57,114.43
2020-07-17T00:00:00.000Z,58.57,12,316.57,114
2020-07-18T00:00:00.000Z,53.29,9,310.71,107.14
2020-07-19T00:00:00.000Z,55.43,10,313.29,108
2020-07-20T00:00:00.000Z,51.86,14,297.43,101
2020-07-21T00:00:00.000Z,47.86,16,287.86,93
2020-07-22T00:00:00.000Z,49.43,20,310.14,98.29
2020-07-23T00:00:00.000Z,52,22,301,109.71
2020-07-24T00:00:00.000Z,57.29,23,309,119.29
2020-07-25T00:00:00.000Z,59,13,312.29,122.57
2020-07-26T00:00:00.000Z,57.71,13,313.14,119.86
2020-07-27T00:00:00.000Z,59.43,19,327.86,121.43
2020-07-28T00:00:00.000Z,66,15,339,130.71
2020-07-29T00:00:00.000Z,60.43,16,333.86,123
2020-07-30T00:00:00.000Z,58.71,20,345.71,117.14
2020-07-31T00:00:00.000Z,57.71,22,364.29,112.43
2020-08-01T00:00:00.000Z,60,12,378.71,116.71
2020-08-02T00:00:00.000Z,60.43,16,386.86,119.14
2020-08-03T00:00:00.000Z,63.86,22,397,120.57
2020-08-04T00:00:00.000Z,64,25,399.43,121.57
2020-08-05T00:00:00.000Z,71,18,421.29,134.14
2020-08-06T00:00:00.000Z,73.14,22,415.57,134.86
2020-08-07T00:00:00.000Z,73.86,21,396,129.43
2020-08-08T00:00:00.000Z,69.71,10,374.43,128.57
2020-08-09T00:00:00.000Z,69,5,364.43,130.57
2020-08-10T00:00:00.000Z,65.43,16,339,125.29
2020-08-11T00:00:00.000Z,62.14,18,329.29,118.57
2020-08-12T00:00:00.000Z,61.29,14,311.43,112
2020-08-13T00:00:00.000Z,53.86,19,291.43,108.86
2020-08-14T00:00:00.000Z,62.43,30,316.14,115.14
2020-08-15T00:00:00.000Z,67.57,20,328.86,112.86
2020-08-16T00:00:00.000Z,65.71,11,329,108
2020-08-17T00:00:00.000Z,70.29,21,362.14,109
2020-08-18T00:00:00.000Z,70.14,19,374,108.14
2020-08-19T00:00:00.000Z,69.57,19,381.14,111.71
2020-08-20T00:00:00.000Z,80.86,21,414,118.86
2020-08-21T00:00:00.000Z,70.57,13,365.29,106.14
2020-08-22T00:00:00.000Z,61.86,0,336.29,97
2020-08-23T00:00:00.000Z,60,2,325.86,93.71
2020-08-24T00:00:00.000Z,70.86,24,325,111.71
2020-08-25T00:00:00.000Z,90.57,25,359,137.57
2020-08-26T00:00:00.000Z,95.29,18,359.57,143.57
2020-08-27T00:00:00.000Z,96.86,23,352.57,149
2020-08-28T00:00:00.000Z,115.43,23,441.29,182.86
2020-08-29T00:00:00.000Z,127,14,470.14,204.57
2020-08-30T00:00:00.000Z,137.43,17,490.86,216.14
2020-08-31T00:00:00.000Z,133.43,24,490.57,211.71
2020-09-01T00:00:00.000Z,117.71,21,461.29,196.86
2020-09-02T00:00:00.000Z,115,23,456.14,186.43
2020-09-03T00:00:00.000Z,115.29,23,460.29,190.43
2020-09-04T00:00:00.000Z,126.29,25,482.29,200.57
2020-09-05T00:00:00.000Z,128.43,17,507,195.86
2020-09-06T00:00:00.000Z,132.14,20,523,203.43
2020-09-07T00:00:00.000Z,130.29,18,514.71,207.43
2020-09-08T00:00:00.000Z,142.43,24,542.57,215.43
2020-09-09T00:00:00.000Z,151.29,20,599.43,230.57
2020-09-10T00:00:00.000Z,142.71,30,597,222
2020-09-11T00:00:00.000Z,120.43,22,548.14,202.86
2020-09-12T00:00:00.000Z,111.86,10,522.29,197.43
2020-09-13T00:00:00.000Z,101.29,14,505.86,186.43
2020-09-14T00:00:00.000Z,102.86,21,514.14,205
2020-09-15T00:00:00.000Z,97.57,24,497.29,208.14
2020-09-16T00:00:00.000Z,90.43,21,462,216.29
2020-09-17T00:00:00.000Z,95.57,22,477.71,223
2020-09-18T00:00:00.000Z,89.43,18,460.29,209
2020-09-19T00:00:00.000Z,90.86,11,470.86,210.71
2020-09-20T00:00:00.000Z,90.86,11,465.43,206.86
2020-09-21T00:00:00.000Z,93.71,22,477.14,188.29
2020-09-22T00:00:00.000Z,98,23,503.29,187
2020-09-23T00:00:00.000Z,100.71,22,495.43,179.14
2020-09-24T00:00:00.000Z,106,20,509.29,185.14
2020-09-25T00:00:00.000Z,115,25,533.29,201.29
2020-09-26T00:00:00.000Z,116.43,15,524.57,202.71
2020-09-27T00:00:00.000Z,115.14,13,518.29,204.14
2020-09-28T00:00:00.000Z,119,16,522.86,212.57
2020-09-29T00:00:00.000Z,119.71,19,519.86,213.86
2020-09-30T00:00:00.000Z,123.86,22,529,211.71
2020-10-01T00:00:00.000Z,126.71,21,517,215.29
2020-10-02T00:00:00.000Z,142.29,22,530.57,227.71
2020-10-03T00:00:00.000Z,153,17,555.57,235.71
2020-10-04T00:00:00.000Z,166.29,12,581.71,251.86
2020-10-05T00:00:00.000Z,185,26,606.14,275.14
2020-10-06T00:00:00.000Z,195.57,24,617.29,293.86
2020-10-07T00:00:00.000Z,196.14,20,616,302.43
2020-10-08T00:00:00.000Z,202.14,25,626.43,319.71
2020-10-09T00:00:00.000Z,188.71,15,605.71,302.86
2020-10-10T00:00:00.000Z,176.86,10,576.86,290.43
2020-10-11T00:00:00.000Z,194,18,613.57,304.57
2020-10-12T00:00:00.000Z,181,23,606,281.57
2020-10-13T00:00:00.000Z,162.14,24,561.71,252.43
2020-10-14T00:00:00.000Z,156.57,18,552,241.43
2020-10-15T00:00:00.000Z,140.29,23,536.29,209.29
2020-10-16T00:00:00.000Z,136.43,17,543.71,203.86
2020-10-17T00:00:00.000Z,135.57,11,544.14,207
2020-10-18T00:00:00.000Z,106.43,7,485,179.71
2020-10-19T00:00:00.000Z,93.86,16,453.29,163.43
2020-10-20T00:00:00.000Z,94,25,484.14,164.71
2020-10-21T00:00:00.000Z,102.29,23,492.43,175.43
2020-10-22T00:00:00.000Z,113,23,507.71,189.71
2020-10-23T00:00:00.000Z,109.29,17,491.14,189.14
2020-10-24T00:00:00.000Z,114.29,7,499,193.29
2020-10-25T00:00:00.000Z,112.43,8,500.57,188.71
2020-10-26T00:00:00.000Z,108.86,19,496.71,188
2020-10-27T00:00:00.000Z,102.71,17,463.14,178.43
2020-10-28T00:00:00.000Z,97.29,19,466.14,172.43
2020-10-29T00:00:00.000Z,83.57,17,447.43,154.43
2020-10-30T00:00:00.000Z,89.86,19,475.43,167.29
2020-10-31T00:00:00.000Z,89.57,13,478.86,166.14
2020-11-01T00:00:00.000Z,98.86,13,504.43,175.86
2020-11-02T00:00:00.000Z,93.71,20,492.14,174.86
2020-11-03T00:00:00.000Z,92.29,16,496.14,182.29
2020-11-04T00:00:00.000Z,86.14,15,473.71,176.43
2020-11-05T00:00:00.000Z,86.29,19,463.71,184.43
2020-11-06T00:00:00.000Z,76.43,15,427.71,171
2020-11-07T00:00:00.000Z,70,13,428.29,162
2020-11-08T00:00:00.000Z,66.71,11,412.71,157.86
2020-11-09T00:00:00.000Z,69.57,15,431.14,166.29
2020-11-10T00:00:00.000Z,82.57,16,453.14,172.71
2020-11-11T00:00:00.000Z,84,19,463.29,175
2020-11-12T00:00:00.000Z,87.29,14,449.43,177
2020-11-13T00:00:00.000Z,92.14,14,441.86,175.14
2020-11-14T00:00:00.000Z,91.86,12,428.14,178
2020-11-15T00:00:00.000Z,87.86,14,422.43,171.43
2020-11-16T00:00:00.000Z,81,14,390.71,156.29
2020-11-17T00:00:00.000Z,75.29,13,374.43,145.71
2020-11-18T00:00:00.000Z,76.86,20,381.14,138.57
2020-11-19T00:00:00.000Z,81.43,16,394.86,139
2020-11-20T00:00:00.000Z,78.57,15,399.57,136.14
2020-11-21T00:00:00.000Z,76.43,7,395.71,131.57
2020-11-22T00:00:00.000Z,79.57,11,396.43,137.14
2020-11-23T00:00:00.000Z,90.57,18,420.43,150.86
2020-11-24T00:00:00.000Z,87.43,15,420.57,160.14
2020-11-25T00:00:00.000Z,83.29,18,422.43,164.29
2020-11-26T00:00:00.000Z,73.14,17,389.14,154
2020-11-27T00:00:00.000Z,71.57,16,361.14,149.86
2020-11-28T00:00:00.000Z,77.57,14,364.43,153.86
2020-11-29T00:00:00.000Z,70.29,7,348.86,145.29
2020-11-30T00:00:00.000Z,64.57,12,341.57,139.57
2020-12-01T00:00:00.000Z,65.29,16,332.14,144.71
2020-12-02T00:00:00.000Z,73.14,27,343.14,163.14
2020-12-03T00:00:00.000Z,88.86,21,432.29,190.86
2020-12-04T00:00:00.000Z,96.71,18,515.43,212.43
2020-12-05T00:00:00.000Z,95.14,14,549.71,213.43
2020-12-06T00:00:00.000Z,104.57,16,606.86,225.29
2020-12-07T00:00:00.000Z,124.14,18,669.71,249.71
2020-12-08T00:00:00.000Z,125.86,20,683.14,251.29
2020-12-09T00:00:00.000Z,126.86,16,687.86,244.29
2020-12-10T00:00:00.000Z,126,28,647.86,233.86
2020-12-11T00:00:00.000Z,120.43,23,595.43,218.57
2020-12-12T00:00:00.000Z,119,10,561.14,221.86
2020-12-13T00:00:00.000Z,113.43,12,522.71,220
2020-12-14T00:00:00.000Z,97.14,20,471.86,199.71
2020-12-15T00:00:00.000Z,97.71,18,458.14,197.14
2020-12-16T00:00:00.000Z,99.29,24,432,198.43
2020-12-17T00:00:00.000Z,101.43,23,428.14,191.43
2020-12-18T00:00:00.000Z,103.86,17,422.14,193.86
2020-12-19T00:00:00.000Z,110.86,16,436,196.43
2020-12-20T00:00:00.000Z,114.57,13,431.14,201.14
2020-12-21T00:00:00.000Z,114.86,15,421,204.29
2020-12-22T00:00:00.000Z,113.86,14,410.71,190.86
2020-12-23T00:00:00.000Z,98.29,14,379.71,167.43
2020-12-24T00:00:00.000Z,84.43,19,339,149.14
2020-12-25T00:00:00.000Z,74.14,7,296.14,135.14
2020-12-26T00:00:00.000Z,66.14,9,292.43,123.43
2020-12-27T00:00:00.000Z,65.86,11,305.57,122.57
2020-12-28T00:00:00.000Z,66.14,22,303.57,122.29
2020-12-29T00:00:00.000Z,61.57,15,292,121.29
2020-12-30T00:00:00.000Z,67.86,16,305.71,132.43
2020-12-31T00:00:00.000Z,65.57,15,298,140.14
2021-01-01T00:00:00.000Z,71.14,14,313.29,143.86
2021-01-02T00:00:00.000Z,77.43,13,319.86,154
2021-01-03T00:00:00.000Z,80,16,325.43,159.29
2021-01-04T00:00:00.000Z,78.43,26,324,157.43
2021-01-05T00:00:00.000Z,84.43,25,360.29,159
2021-01-06T00:00:00.000Z,89.29,25,362.14,154.57
2021-01-07T00:00:00.000Z,93.43,20,392.71,159.43
2021-01-08T00:00:00.000Z,99.71,19,428,167.57
2021-01-09T00:00:00.000Z,96,15,419,162
2021-01-10T00:00:00.000Z,95.29,18,409.14,151.29
2021-01-11T00:00:00.000Z,98.71,20,412.57,150.71
2021-01-12T00:00:00.000Z,102.14,25,409,157.29
2021-01-13T00:00:00.000Z,96.29,20,404.71,158.86
2021-01-14T00:00:00.000Z,102.86,20,412.29,162
2021-01-15T00:00:00.000Z,109.14,21,423.57,170.14
2021-01-16T00:00:00.000Z,105.71,9,418.29,169.43
2021-01-17T00:00:00.000Z,102.14,11,408.57,171.14
2021-01-18T00:00:00.000Z,98.86,16,398.14,161.86
2021-01-19T00:00:00.000Z,92,24,390.86,163.57
2021-01-20T00:00:00.000Z,90.14,16,408.71,162.57
2021-01-21T00:00:00.000Z,82.71,18,405.86,155.86
2021-01-22T00:00:00.000Z,82.43,22,405.57,154.57
2021-01-23T00:00:00.000Z,84.57,12,403.14,154.14
2021-01-24T00:00:00.000Z,86.29,12,404.71,155.43
2021-01-25T00:00:00.000Z,91.86,21,429.71,163.71
2021-01-26T00:00:00.000Z,91.86,21,424.14,160.29
2021-01-27T00:00:00.000Z,103.71,19,428.57,170
2021-01-28T00:00:00.000Z,110.57,21,436,176.43
2021-01-29T00:00:00.000Z,112.71,20,439.57,188
2021-01-30T00:00:00.000Z,110,9,434.14,186.14
2021-01-31T00:00:00.000Z,108.71,10,443.57,181.29
2021-02-01T00:00:00.000Z,110.14,23,453.43,184.29
2021-02-02T00:00:00.000Z,114,27,464.86,183.86
2021-02-03T00:00:00.000Z,112.43,21,472.43,186.71
2021-02-04T00:00:00.000Z,109.14,22,472.86,187.71
2021-02-05T00:00:00.000Z,105.14,22,462.86,170.57
2021-02-06T00:00:00.000Z,108.43,10,472.29,171.71
2021-02-07T00:00:00.000Z,106.29,16,457.86,172.57
2021-02-08T00:00:00.000Z,108,20,442.57,168.71
2021-02-09T00:00:00.000Z,115.86,25,446.57,180.57
2021-02-10T00:00:00.000Z,115.86,29,439.71,175.43
2021-02-11T00:00:00.000Z,117,20,426.71,177.43
2021-02-12T00:00:00.000Z,124.43,28,451.14,198.14
2021-02-13T00:00:00.000Z,123.29,12,459.29,195.71
2021-02-14T00:00:00.000Z,122.57,12,465.43,191.71
2021-02-15T00:00:00.000Z,121.29,23,458.57,209.86
2021-02-16T00:00:00.000Z,115.43,22,448.86,202.43
2021-02-17T00:00:00.000Z,109.86,25,429.43,202.57
2021-02-18T00:00:00.000Z,114.43,25,455,203.43
2021-02-19T00:00:00.000Z,105.14,27,439.86,184.43
2021-02-20T00:00:00.000Z,104.29,15,419.71,185.29
2021-02-21T00:00:00.000Z,106,14,421.86,187.86
2021-02-22T00:00:00.000Z,95.71,19,420.57,160
2021-02-23T00:00:00.000Z,98.71,27,429.86,157
2021-02-24T00:00:00.000Z,93,18,416,148.14
2021-02-25T00:00:00.000Z,80.43,18,383.29,144
2021-02-26T00:00:00.000Z,75.71,22,360.86,148.43
2021-02-27T00:00:00.000Z,79,12,381.86,156.86
2021-02-28T00:00:00.000Z,84.57,18,399,161.71
2021-03-01T00:00:00.000Z,94.57,23,415,176.43
2021-03-02T00:00:00.000Z,103.14,30,417,195.43
2021-03-03T00:00:00.000Z,112,22,433.29,209.86
2021-03-04T00:00:00.000Z,122.14,27,454.29,211.43
2021-03-05T00:00:00.000Z,121.86,22,453.71,204.86
2021-03-06T00:00:00.000Z,128,24,460.14,209.29
2021-03-07T00:00:00.000Z,123.29,13,439.29,206.43
2021-03-08T00:00:00.000Z,118.86,26,428.29,199.29
2021-03-09T00:00:00.000Z,106.43,24,420.57,187.14
2021-03-10T00:00:00.000Z,103.57,23,440.14,178.86
2021-03-11T00:00:00.000Z,104,20,439,187.86
2021-03-12T00:00:00.000Z,109.43,16,473.86,191.14
2021-03-13T00:00:00.000Z,99.43,8,454.29,176.29
2021-03-14T00:00:00.000Z,104.43,11,465.86,180.86
2021-03-15T00:00:00.000Z,122.71,28,496.71,202.71
2021-03-16T00:00:00.000Z,131,26,537.14,206.86
2021-03-17T00:00:00.000Z,129.86,17,532.57,213
2021-03-18T00:00:00.000Z,122.43,16,524.86,195.14
2021-03-19T00:00:00.000Z,127,21,521.71,205.57
2021-03-20T00:00:00.000Z,138.43,12,544.14,217.71
2021-03-21T00:00:00.000Z,133.14,9,529.71,212.14
2021-03-22T00:00:00.000Z,114.43,24,497.43,192.57
2021-03-23T00:00:00.000Z,107.71,19,458.71,188.57
2021-03-24T00:00:00.000Z,113,22,458.29,194.14
2021-03-25T00:00:00.000Z,116.29,18,454,192.71
2021-03-26T00:00:00.000Z,109,13,429.57,186.29
2021-03-27T00:00:00.000Z,99.14,10,421,179
2021-03-28T00:00:00.000Z,102,12,434.71,180.86
2021-03-29T00:00:00.000Z,99.71,19,442.57,174.57
2021-03-30T00:00:00.000Z,92.29,19,448.71,167.43
2021-03-31T00:00:00.000Z,79.71,13,432.14,142.71
2021-04-01T00:00:00.000Z,80.29,16,447.71,154.71